r,V,IC1,IC2,IC3
1,0.695363,-0.080042,-0.074215,-0.085334
2,0.50354,-0.119533,-0.107879,-0.130118
3,0.357122,-0.17984,-0.162358,-0.195717
